Symbol,Name
CET,Central Securities Corporation Common Stock
IMO,Imperial Oil Limited Common Stock
AAL,American Airlines Group Inc. Common Stock
AAPL,Apple Inc. Common Stock
ABNB,Airbnb Inc. Class A Common Stock
ACGL,Arch Capital Group Ltd. Common Stock
ADBE,Adobe Inc. Common Stock
ADI,Analog Devices Inc. Common Stock
ADP,Automatic Data Processing Inc. Common Stock
ADSK,Autodesk Inc. Common Stock
AEP,American Electric Power Company Inc. Common Stock
AFRM,Affirm Holdings Inc. Class A Common Stock
AGNCL,AGNC Investment Corp. Depositary Shares Each Representing a 1/1000th Interest in a Share of 7.75% Series G Fixed-Rate Reset Cumulative Redeemable Preferred Stock
AGNCM,AGNC Investment Corp. Depositary Shares rep 6.875% Series D Fixed-to-Floating Cumulative Redeemable Preferred Stock
AGNCN,AGNC Investment Corp. Depositary Shares Each Representing a 1/1000th Interest in a Share of 7.00% Series C Fixed-To-Floating Rate Cumulative Redeemable Preferred Stock
AGNCO,AGNC Investment Corp. Depositary Shares each representing a 1/1000th interest in a share of 6.50% Series E Fixed-to-Floating Cumulative Redeemable Preferred Stock
AGNCP,AGNC Investment Corp. Depositary Shares Each Representing a 1/1000th Interest in a Share of 6.125% Series F Fixed-to-Floating Rate Cumulative Redeemable Preferred Stock
AKAM,Akamai Technologies Inc. Common Stock
ALAB,Astera Labs Inc. Common Stock
ALGN,Align Technology Inc. Common Stock
ALNY,Alnylam Pharmaceuticals Inc. Common Stock
AMAT,Applied Materials Inc. Common Stock
AMD,Advanced Micro Devices Inc. Common Stock
AMGN,Amgen Inc. Common Stock
AMZN,Amazon.com Inc. Common Stock
ANSS,ANSYS Inc. Common Stock
APP,Applovin Corporation Class A Common Stock
ARCC,Ares Capital Corporation Common Stock
ARGX,argenx SE American Depositary Shares
ARM,Arm Holdings plc American Depositary Shares
ASML,ASML Holding N.V. New York Registry Shares
AUR,Aurora Innovation Inc. Class A Common Stock
AVGO,Broadcom Inc. Common Stock
AXON,Axon Enterprise Inc. Common Stock
AZN,AstraZeneca PLC American Depositary Shares
AZPN,Aspen Technology Inc. Common Stock
BGNE,BeiGene Ltd. American Depositary Shares
BIDU,Baidu Inc. ADS
BIIB,Biogen Inc. Common Stock
BKNG,Booking Holdings Inc. Common Stock
BKR,Baker Hughes Company Class A Common Stock
BMRN,BioMarin Pharmaceutical Inc. Common Stock
BNTX,BioNTech SE American Depositary Share
BPYPM,Brookfield Property Partners L.P. 6.25% Class A Cumulative Redeemable Preferred Units Series 1
BPYPN,Brookfield Property Partners L.P. 5.750% Class A Cumulative Redeemable Perpetual Preferred Units Series 3
BPYPO,Brookfield Property Partners L.P. 6.375% Class A Cumulative Redeemable Perpetual Preferred Units Series 2
BPYPP,Brookfield Property Partners L.P. 6.50% Class A Cumulative Redeemable Perpetual Preferred Units
BSY,Bentley Systems Incorporated Class B Common Stock
BTSGU,BrightSpring Health Services Inc. Tangible Equity Unit
CART,Maplebear Inc. Common Stock
CASY,Casey's General Stores Inc. Common Stock
CCEP,Coca-Cola Europacific Partners plc Ordinary Shares
CDNS,Cadence Design Systems Inc. Common Stock
CDW,CDW Corporation Common Stock
CEG,Constellation Energy Corporation Common Stock 
CG,The Carlyle Group Inc. Common Stock
CHKP,Check Point Software Technologies Ltd. Ordinary Shares
CHRW,C.H. Robinson Worldwide Inc. Common Stock
CHTR,Charter Communications Inc. Class A Common Stock New
CINF,Cincinnati Financial Corporation Common Stock
CMCSA,Comcast Corporation Class A Common Stock
CME,CME Group Inc. Class A Common Stock
COIN,Coinbase Global Inc. Class A Common Stock
COKE,Coca-Cola Consolidated Inc. Common Stock
COO,The Cooper Companies Inc. Common Stock
COST,Costco Wholesale Corporation Common Stock
CPB,The Campbell's Company Common Stock
CPRT,Copart Inc. (DE) Common Stock
CRDO,Credo Technology Group Holding Ltd Ordinary Shares
CRWD,CrowdStrike Holdings Inc. Class A Common Stock
CSCO,Cisco Systems Inc. Common Stock (DE)
CSGP,CoStar Group Inc. Common Stock
CSX,CSX Corporation Common Stock
CTAS,Cintas Corporation Common Stock
CTSH,Cognizant Technology Solutions Corporation Class A Common Stock
CYBR,CyberArk Software Ltd. Ordinary Shares
DASH,DoorDash Inc. Class A Common Stock
DDOG,Datadog Inc. Class A Common Stock
DKNG,DraftKings Inc. Class A Common Stock
DLTR,Dollar Tree Inc. Common Stock
DOCU,DocuSign Inc. Common Stock
DOX,Amdocs Limited Ordinary Shares
DUOL,Duolingo Inc. Class A Common Stock
DXCM,DexCom Inc. Common Stock
EA,Electronic Arts Inc. Common Stock
EBAY,eBay Inc. Common Stock
ENTG,Entegris Inc. Common Stock
EQIX,Equinix Inc. Common Stock REIT
ERIC,Ericsson American Depositary Shares
ERIE,Erie Indemnity Company Class A Common Stock
ESLT,Elbit Systems Ltd. Ordinary Shares
EVRG,Evergy Inc. Common Stock
EWBC,East West Bancorp Inc. Common Stock
EXAS,Exact Sciences Corporation Common Stock
EXC,Exelon Corporation Common Stock
EXE,Expand Energy Corporation Common Stock
EXEEL,Expand Energy Corporation Class C Warrants
EXEEW,Expand Energy Corporation Class A Warrants
EXPE,Expedia Group Inc. Common Stock
FANG,Diamondback Energy Inc. Common Stock
FAST,Fastenal Company Common Stock
FCNCA,First Citizens BancShares Inc. Class A Common Stock
FER,Ferrovial SE Ordinary Shares
FFIV,F5 Inc. Common Stock
FITB,Fifth Third Bancorp Common Stock
FITBI,Fifth Third Bancorp Depositary Shares
FITBO,Fifth Third Bancorp Depositary Shares each representing a 1/1000th ownership interest in a share of Non-Cumulative Perpetual Preferred Stock Series K
FITBP,Fifth Third Bancorp Depositary Shares each representing 1/40th share of Fifth Third 6.00% Non-Cumulative Perpetual Class B Preferred Stock Series A
FLEX,Flex Ltd. Ordinary Shares
FOX,Fox Corporation Class B Common Stock
FOXA,Fox Corporation Class A Common Stock
FSLR,First Solar Inc. Common Stock
FTAI,FTAI Aviation Ltd. Common Stock
FTNT,Fortinet Inc. Common Stock
FUTU,Futu Holdings Limited American Depositary Shares
FWONA,Liberty Media Corporation Series A Liberty Formula One Common Stock
FWONK,Liberty Media Corporation Series C Liberty Formula One Common Stock
GEHC,GE HealthCare Technologies Inc. Common Stock 
GEN,Gen Digital Inc. Common Stock
GFS,GlobalFoundries Inc. Ordinary Shares
GILD,Gilead Sciences Inc. Common Stock
GLPI,Gaming and Leisure Properties Inc. Common Stock
GMAB,Genmab A/S ADS
GOOG,Alphabet Inc. Class C Capital Stock
GOOGL,Alphabet Inc. Class A Common Stock
GRAB,Grab Holdings Limited Class A Ordinary Shares
HBAN,Huntington Bancshares Incorporated Common Stock
HBANL,Huntington Bancshares Incorporated Depositary Shares Each Representing a 1/40th Interest in a Share of 6.875% Series J Non-Cumulative Perpetual Preferred Stock
HBANM,Huntington Bancshares Incorporated Depositary Shares each representing a 1/1000th interest in a share of Huntington Series I Preferred Stock
HBANP,Huntington Bancshares Incorporated Depositary Shares 4.500% Series H Non-Cumulative Perpetual Preferred Stock
HOLX,Hologic Inc. Common Stock
HON,Honeywell International Inc. Common Stock
HOOD,Robinhood Markets Inc. Class A Common Stock
HST,Host Hotels & Resorts Inc. Common Stock
HTHT,H World Group Limited American Depositary Shares
IBKR,Interactive Brokers Group Inc. Class A Common Stock
ICLR,ICON plc Ordinary Shares
IDXX,IDEXX Laboratories Inc. Common Stock
ILMN,Illumina Inc. Common Stock
INCY,Incyte Corp. Common Stock
INSM,Insmed Incorporated Common Stock
INTC,Intel Corporation Common Stock
INTU,Intuit Inc. Common Stock
ISRG,Intuitive Surgical Inc. Common Stock
JBHT,J.B. Hunt Transport Services Inc. Common Stock
JD,JD.com Inc. American Depositary Shares
JKHY,Jack Henry & Associates Inc. Common Stock
KDP,Keurig Dr Pepper Inc. Common Stock
KHC,The Kraft Heinz Company Common Stock
KLAC,KLA Corporation Common Stock
KSPI,Joint Stock Company Kaspi.kz American Depository Shares
LAMR,Lamar Advertising Company Class A Common Stock
LBRDA,Liberty Broadband Corporation Class A Common Stock
LBRDK,Liberty Broadband Corporation Class C Common Stock
LECO,Lincoln Electric Holdings Inc. Common Shares
LI,Li Auto Inc. American Depositary Shares
LIN,Linde plc Ordinary Shares
LINE,Lineage Inc. Common Stock
LNT,Alliant Energy Corporation Common Stock
LOGI,Logitech International S.A. Ordinary Shares
LPLA,LPL Financial Holdings Inc. Common Stock
LRCX,Lam Research Corporation Common Stock
LULU,lululemon athletica inc. Common Stock
MANH,Manhattan Associates Inc. Common Stock
MAR,Marriott International Class A Common Stock
MCHP,Microchip Technology Incorporated Common Stock
MDB,MongoDB Inc. Class A Common Stock
MDLZ,Mondelez International Inc. Class A Common Stock
MEDP,Medpace Holdings Inc. Common Stock
MELI,MercadoLibre Inc. Common Stock
META,Meta Platforms Inc. Class A Common Stock
MMYT,MakeMyTrip Limited Ordinary Shares
MNDY,monday.com Ltd. Ordinary Shares
MNST,Monster Beverage Corporation
MORN,Morningstar Inc. Common Stock
MPWR,Monolithic Power Systems Inc. Common Stock
MRNA,Moderna Inc. Common Stock
MRVL,Marvell Technology Inc. Common Stock
MSFT,Microsoft Corporation Common Stock
MSTR,MicroStrategy Incorporated Common Stock Class A
MU,Micron Technology Inc. Common Stock
NBIX,Neurocrine Biosciences Inc. Common Stock
NDAQ,Nasdaq Inc. Common Stock
NDSN,Nordson Corporation Common Stock
NFLX,Netflix Inc. Common Stock
NICE,NICE Ltd American Depositary Shares
NTAP,NetApp Inc. Common Stock
NTES,NetEase Inc. American Depositary Shares
NTNX,Nutanix Inc. Class A Common Stock
NTRA,Natera Inc. Common Stock
NTRS,Northern Trust Corporation Common Stock
NVDA,NVIDIA Corporation Common Stock
NWS,News Corporation Class B Common Stock
NWSA,News Corporation Class A Common Stock
NXPI,NXP Semiconductors N.V. Common Stock
ODFL,Old Dominion Freight Line Inc. Common Stock
OKTA,Okta Inc. Class A Common Stock
ON,ON Semiconductor Corporation Common Stock
ORLY,O'Reilly Automotive Inc. Common Stock
PAA,Plains All American Pipeline L.P. Common Units representing Limited Partner Interests
PANW,Palo Alto Networks Inc. Common Stock
PARAA,Paramount Global Class A Common Stock
PAYX,Paychex Inc. Common Stock
PCAR,PACCAR Inc. Common Stock
PCTY,Paylocity Holding Corporation Common Stock
PCVX,Vaxcyte Inc. Common Stock
PDD,PDD Holdings Inc. American Depositary Shares
PEP,PepsiCo Inc. Common Stock
PFG,Principal Financial Group Inc Common Stock
PLTR,Palantir Technologies Inc. Class A Common Stock
PODD,Insulet Corporation Common Stock
POOL,Pool Corporation Common Stock
PPC,Pilgrim's Pride Corporation Common Stock
PTC,PTC Inc. Common Stock
PYPL,PayPal Holdings Inc. Common Stock
QCOM,QUALCOMM Incorporated Common Stock
QRTEP,Qurate Retail Inc. 8.0% Fixed Rate Cumulative Redeemable Preferred Stock
REG,Regency Centers Corporation Common Stock
REGN,Regeneron Pharmaceuticals Inc. Common Stock
RIVN,Rivian Automotive Inc. Class A Common Stock
RKLB,Rocket Lab USA Inc. Common Stock
ROKU,Roku Inc. Class A Common Stock
ROP,Roper Technologies Inc. Common Stock
ROST,Ross Stores Inc. Common Stock
RPRX,Royalty Pharma plc Class A Ordinary Shares 
RYAAY,Ryanair Holdings plc American Depositary Shares
SAIA,Saia Inc. Common Stock
SBAC,SBA Communications Corporation Class A Common Stock
SBUX,Starbucks Corporation Common Stock
SEIC,SEI Investments Company Common Stock
SFM,Sprouts Farmers Market Inc. Common Stock
SLMBP,SLM Corporation Floating Rate Non-Cumulative Preferred Stock Series B
SMCI,Super Micro Computer Inc. Common Stock
SNPS,Synopsys Inc. Common Stock
SNY,Sanofi ADS
SOFI,SoFi Technologies Inc. Common Stock  
SRAD,Sportradar Group AG Class A Ordinary Shares
SRPT,Sarepta Therapeutics Inc. Common Stock (DE)
SSNC,SS&C Technologies Holdings Inc. Common Stock
STLD,Steel Dynamics Inc.
STX,Seagate Technology Holdings PLC Ordinary Shares (Ireland)
SWKS,Skyworks Solutions Inc. Common Stock
SYM,Symbotic Inc. Class A Common Stock
TCOM,Trip.com Group Limited American Depositary Shares
TEAM,Atlassian Corporation Class A Common Stock
TECH,Bio-Techne Corp Common Stock
TER,Teradyne Inc. Common Stock
TMUS,T-Mobile US Inc. Common Stock
TPG,TPG Inc. Class A Common Stock
TRMB,Trimble Inc. Common Stock
TROW,T. Rowe Price Group Inc. Common Stock
TSCO,Tractor Supply Company Common Stock
TSLA,Tesla Inc. Common Stock
TTD,The Trade Desk Inc. Class A Common Stock
TTEK,Tetra Tech Inc. Common Stock
TTWO,Take-Two Interactive Software Inc. Common Stock
TW,Tradeweb Markets Inc. Class A Common Stock
TXN,Texas Instruments Incorporated Common Stock
TXRH,Texas Roadhouse Inc. Common Stock
UAL,United Airlines Holdings Inc. Common Stock
ULTA,Ulta Beauty Inc. Common Stock
UTHR,United Therapeutics Corporation Common Stock
VLYPO,Valley National Bancorp 5.50% Fixed-to-Floating Rate Non-Cumulative Perpetual Preferred Stock Series B
VLYPP,Valley National Bancorp 6.25% Fixed-to-Floating Rate Non-Cumulative Perpetual Preferred Stock Series A
VOD,Vodafone Group Plc American Depositary Shares
VRSK,Verisk Analytics Inc. Common Stock
VRSN,VeriSign Inc. Common Stock
VRTX,Vertex Pharmaceuticals Incorporated Common Stock
VTRS,Viatris Inc. Common Stock
WBD,Warner Bros. Discovery Inc. Series A Common Stock 
WDAY,Workday Inc. Class A Common Stock
WDC,Western Digital Corporation Common Stock
WIX,Wix.com Ltd. Ordinary Shares
WMG,Warner Music Group Corp. Class A Common Stock
WTW,Willis Towers Watson Public Limited Company Ordinary Shares
XEL,Xcel Energy Inc. Common Stock
Z,Zillow Group Inc. Class C Capital Stock
ZBRA,Zebra Technologies Corporation Class A Common Stock
ZG,Zillow Group Inc. Class A Common Stock
ZM,Zoom Communications Inc. Class A Common Stock
ZS,Zscaler Inc. Common Stock
A,Agilent Technologies Inc. Common Stock
ABBV,AbbVie Inc. Common Stock
ABEV,Ambev S.A. American Depositary Shares (Each representing 1 Common Share)
ABT,Abbott Laboratories Common Stock
ACI,Albertsons Companies Inc. Class A Common Stock
ACM,AECOM Common Stock
ACN,Accenture plc Class A Ordinary Shares (Ireland)
ADM,Archer-Daniels-Midland Company Common Stock
AEE,Ameren Corporation Common Stock
AEG,Aegon Ltd. New York Registry Shares
AEM,Agnico Eagle Mines Limited Common Stock
AER,AerCap Holdings N.V. Ordinary Shares
AFG,American Financial Group Inc. Common Stock
AFL,AFLAC Incorporated Common Stock
AGR,Avangrid Inc. Common Stock
AIG,American International Group Inc. New Common Stock
AIZ,Assurant Inc. Common Stock
AJG,Arthur J. Gallagher & Co. Common Stock
ALB,Albemarle Corporation Common Stock
ALC,Alcon Inc. Ordinary Shares
ALL,Allstate Corporation (The) Common Stock
ALLE,Allegion plc Ordinary Shares
ALLY,Ally Financial Inc. Common Stock
AMCR,Amcor plc Ordinary Shares
AME,AMETEK Inc.
AMH,American Homes 4 Rent Common Shares of Beneficial Interest
AMP,Ameriprise Financial Inc. Common Stock
AMT,American Tower Corporation (REIT) Common Stock
AMX,America Movil S.A.B. de C.V. American Depositary Shares (each representing the right to receive twenty (20) Series B Shares
ANET,Arista Networks Inc. Common Stock
AON,Aon plc Class A Ordinary Shares (Ireland)
APD,Air Products and Chemicals Inc. Common Stock
APG,APi Group Corporation Common Stock
APH,Amphenol Corporation Common Stock
APO,Apollo Global Management Inc. (New) Common Stock
APOS,Apollo Global Management Inc. 7.625% Fixed-Rate Resettable Junior Subordinated Notes due 2053
APTV,Aptiv PLC Ordinary Shares
AQNB,Algonquin Power & Utilities Corp. 6.20% Fixed-to-Floating Subordinated Notes Series 2019-A due July 1 2079
ARE,Alexandria Real Estate Equities Inc. Common Stock
ARES,Ares Management Corporation Class A Common Stock
AS,Amer Sports Inc. Ordinary Shares
ASX,ASE Technology Holding Co. Ltd. American Depositary Shares (each representing Two Common Shares) 
ATO,Atmos Energy Corporation Common Stock
ATR,AptarGroup Inc. Common Stock
AVB,AvalonBay Communities Inc. Common Stock
AVTR,Avantor Inc. Common Stock
AVY,Avery Dennison Corporation Common Stock
AWK,American Water Works Company Inc. Common Stock
AXP,American Express Company Common Stock
AZO,AutoZone Inc. Common Stock
BA,Boeing Company (The) Common Stock
BABA,Alibaba Group Holding Limited American Depositary Shares each representing eight Ordinary share
BAC,Bank of America Corporation Common Stock
BAH,Booz Allen Hamilton Holding Corporation Common Stock
BALL,Ball Corporation Common Stock
BAM,Brookfield Asset Management Inc Class A Limited Voting Shares
BAP,Credicorp Ltd. Common Stock
BAX,Baxter International Inc. Common Stock
BBD,Banco Bradesco Sa American Depositary Shares
BBDO,Banco Bradesco Sa American Depositary Shares (each representing one Common Share)
BBVA,Banco Bilbao Vizcaya Argentaria S.A. Common Stock
BBY,Best Buy Co. Inc. Common Stock
BCE,BCE Inc. Common Stock
BCH,Banco De Chile ADS
BCS,Barclays PLC Common Stock
BDX,Becton Dickinson and Company Common Stock
BEKE,KE Holdings Inc American Depositary Shares (each representing three Class A Ordinary Shares)
BEN,Franklin Resources Inc. Common Stock
BEP,Brookfield Renewable Partners L.P. Limited Partnership Units
BEPC,Brookfield Renewable Corporation Class A Subordinate Voting Shares 
BG,Bunge Limited Common Shares
BHP,BHP Group Limited American Depositary Shares (Each representing two Ordinary Shares)
BIP,Brookfield Infrastructure Partners LP Limited Partnership Units
BIPJ,Brookfield Infrastructure Corporation 7.250% Subordinated Notes due 2084
BIRK,Birkenstock Holding plc Ordinary Shares
BJ,BJ's Wholesale Club Holdings Inc. Common Stock
BK,The Bank of New York Mellon Corporation Common Stock
BKDT,Brookdale Senior Living Inc. 7.00% Tangible Equity Units
BLDR,Builders FirstSource Inc. Common Stock
BLK,BlackRock Inc. Common Stock
BMO,Bank Of Montreal Common Stock
BMY,Bristol-Myers Squibb Company Common Stock
BN,Brookfield Corporation Class A Limited Voting Shares
BNH,Brookfield Finance Inc. 4.625% Subordinated Notes due October 16 2080
BNJ,Brookfield Finance Inc. 4.50% Perpetual Subordinated Notes
BNS,Bank Nova Scotia Halifax Pfd 3 Ordinary Shares
BP,BP p.l.c. Common Stock
BR,Broadridge Financial Solutions Inc. Common Stock
BRK/A,Berkshire Hathaway Inc.
BRK/B,Berkshire Hathaway Inc.
BRO,Brown & Brown Inc. Common Stock
BSBR,Banco Santander Brasil SA American Depositary Shares each representing one unit
BSX,Boston Scientific Corporation Common Stock
BTI,British American Tobacco  Industries p.l.c. Common Stock ADR
BUD,Anheuser-Busch Inbev SA Sponsored ADR (Belgium)
BURL,Burlington Stores Inc. Common Stock
BWXT,BWX Technologies Inc. Common Stock
BX,Blackstone Inc. Common Stock
BXP,BXP Inc. Common Stock
C,Citigroup Inc. Common Stock
CAG,ConAgra Brands Inc. Common Stock
CAH,Cardinal Health Inc. Common Stock
CARR,Carrier Global Corporation Common Stock 
CAT,Caterpillar Inc. Common Stock
CAVA,CAVA Group Inc. Common Stock
CB,Chubb Limited  Common Stock
CBRE,CBRE Group Inc Common Stock Class A
CCI,Crown Castle Inc. Common Stock
CCJ,Cameco Corporation Common Stock
CCL,Carnival Corporation Common Stock
CCZ,Comcast Holdings ZONES
CF,CF Industries Holdings Inc. Common Stock
CFG,Citizens Financial Group Inc. Common Stock
CHD,Church & Dwight Company Inc. Common Stock
CHT,Chunghwa Telecom Co. Ltd.
CHWY,Chewy Inc. Class A Common Stock
CI,The Cigna Group Common Stock
CIEN,Ciena Corporation Common Stock
CL,Colgate-Palmolive Company Common Stock
CLH,Clean Harbors Inc. Common Stock
CLS,Celestica Inc. Common Stock
CLX,Clorox Company (The) Common Stock
CM,Canadian Imperial Bank of Commerce Common Stock
CMG,Chipotle Mexican Grill Inc. Common Stock
CMI,Cummins Inc. Common Stock
CMS,CMS Energy Corporation Common Stock
CNA,CNA Financial Corporation Common Stock
CNC,Centene Corporation Common Stock
CNH,CNH Industrial N.V. Common Shares
CNI,Canadian National Railway Company Common Stock
CNP,CenterPoint Energy Inc (Holding Co) Common Stock
CNQ,Canadian Natural Resources Limited Common Stock
COF,Capital One Financial Corporation Common Stock
COHR,Coherent Corp. Common Stock
COP,ConocoPhillips Common Stock
COR,Cencora Inc. Common Stock
CP,Canadian Pacific Kansas City Limited Common Shares
CPAY,Corpay Inc. Common Stock
CPNG,Coupang Inc. Class A Common Stock
CPT,Camden Property Trust Common Stock
CQP,Cheniere Energy Partners LP Common Units
CRBG,Corebridge Financial Inc. Common Stock
CRH,CRH PLC Ordinary Shares
CRM,Salesforce Inc. Common Stock
CSL,Carlisle Companies Incorporated Common Stock
CTRA,Coterra Energy Inc. Common Stock
CTVA,Corteva Inc. Common Stock 
CUK,Carnival Plc ADS ADS
CVE,Cenovus Energy Inc Common Stock
CVNA,Carvana Co. Class A Common Stock
CVS,CVS Health Corporation Common Stock
CVX,Chevron Corporation Common Stock
CW,Curtiss-Wright Corporation Common Stock
D,Dominion Energy Inc. Common Stock
DAL,Delta Air Lines Inc. Common Stock
DAY,Dayforce Inc. Common Stock
DB,Deutsche Bank AG Common Stock
DD,DuPont de Nemours Inc. Common Stock
DE,Deere & Company Common Stock
DECK,Deckers Outdoor Corporation Common Stock
DELL,Dell Technologies Inc. Class C Common Stock 
DEO,Diageo plc Common Stock
DFS,Discover Financial Services Common Stock
DG,Dollar General Corporation Common Stock
DGX,Quest Diagnostics Incorporated Common Stock
DHI,D.R. Horton Inc. Common Stock
DHR,Danaher Corporation Common Stock
DIS,Walt Disney Company (The) Common Stock
DKS,Dick's Sporting Goods Inc Common Stock
DLR,Digital Realty Trust Inc. Common Stock
DOC,Healthpeak Properties Inc. Common Stock
DOV,Dover Corporation Common Stock
DOW,Dow Inc. Common Stock 
DPZ,Domino's Pizza Inc Common Stock
DRI,Darden Restaurants Inc. Common Stock
DT,Dynatrace Inc. Common Stock
DTE,DTE Energy Company Common Stock
DUK,Duke Energy Corporation (Holding Company) Common Stock
DUKB,Duke Energy Corporation 5.625% Junior Subordinated Debentures due 2078
DVA,DaVita Inc. Common Stock
DVN,Devon Energy Corporation Common Stock
E,ENI S.p.A. Common Stock
EBR,Centrais Electricas Brasileiras S A American Depositary Shares (Each representing one Common Share)
EC,Ecopetrol S.A. American Depositary Shares
ECCF,Eagle Point Credit Company Inc. 8.00% Series F Term Preferred Stock due 2029
ECL,Ecolab Inc. Common Stock
ED,Consolidated Edison Inc. Common Stock
EDR,Endeavor Group Holdings Inc. Class A Common Stock
EFX,Equifax Inc. Common Stock
EG,Everest Group Ltd. Common Stock
EIX,Edison International Common Stock
EL,Estee Lauder Companies Inc. (The) Common Stock
ELS,Equity Lifestyle Properties Inc. Common Stock
ELV,Elevance Health Inc. Common Stock
EME,EMCOR Group Inc. Common Stock
EMN,Eastman Chemical Company Common Stock
EMR,Emerson Electric Company Common Stock
ENB,Enbridge Inc Common Stock
EOG,EOG Resources Inc. Common Stock
EPAM,EPAM Systems Inc. Common Stock
EPD,Enterprise Products Partners L.P. Common Stock
EQH,Equitable Holdings Inc. Common Stock
EQNR,Equinor ASA
EQR,Equity Residential Common Shares of Beneficial Interest
EQT,EQT Corporation Common Stock
ES,Eversource Energy (D/B/A) Common Stock
ESS,Essex Property Trust Inc. Common Stock
ESTC,Elastic N.V. Ordinary Shares
ET,Energy Transfer LP Common Units 
ETN,Eaton Corporation PLC Ordinary Shares
ETR,Entergy Corporation Common Stock
EVR,Evercore Inc. Class A Common Stock
EW,Edwards Lifesciences Corporation Common Stock
EXPD,Expeditors International of Washington Inc. Common Stock
EXR,Extra Space Storage Inc Common Stock
F,Ford Motor Company Common Stock
FCX,Freeport-McMoRan Inc. Common Stock
FDX,FedEx Corporation Common Stock
FE,FirstEnergy Corp. Common Stock
FERG,Ferguson Enterprises Inc. Common Stock
FHN,First Horizon Corporation Common Stock
FI,Fiserv Inc. Common Stock
FICO,Fair Isaac Corporation Common Stock
FIS,Fidelity National Information Services Inc. Common Stock
FIX,Comfort Systems USA Inc. Common Stock
FLUT,Flutter Entertainment plc Ordinary Shares
FMS,Fresenius Medical Care AG American Depositary Shares (Each representing 1/2 of an Ordinary Share)
FMX,Fomento Economico Mexicano S.A.B. de C.V. Common Stock
FND,Floor & Decor Holdings Inc. Common Stock
FNF,FNF Group of Fidelity National Financial Inc. Common Stock
FNV,Franco-Nevada Corporation
FTI,TechnipFMC plc Ordinary Share
FTS,Fortis Inc. Common Shares
FTV,Fortive Corporation Common Stock 
GD,General Dynamics Corporation Common Stock
GDDY,GoDaddy Inc. Class A Common Stock
GE,GE Aerospace Common Stock
GEV,GE Vernova Inc. Common Stock
GFI,Gold Fields Limited American Depositary Shares
GFL,GFL Environmental Inc. Subordinate voting shares no par value
GGG,Graco Inc. Common Stock
GIB,CGI Inc. Common Stock
GIS,General Mills Inc. Common Stock
GLW,Corning Incorporated Common Stock
GM,General Motors Company Common Stock
GME,GameStop Corporation Common Stock
GMED,Globus Medical Inc. Class A Common Stock
GOLD,Barrick Gold Corporation Common Stock (BC)
GPC,Genuine Parts Company Common Stock
GPN,Global Payments Inc. Common Stock
GRMN,Garmin Ltd. Common Stock (Switzerland)
GS,Goldman Sachs Group Inc. (The) Common Stock
GSK,GSK plc American Depositary Shares (Each representing two Ordinary Shares)
GWRE,Guidewire Software Inc. Common Stock
GWW,W.W. Grainger Inc. Common Stock
H,Hyatt Hotels Corporation Class A Common Stock
HAL,Halliburton Company Common Stock
HCA,HCA Healthcare Inc. Common Stock
HD,Home Depot Inc. (The) Common Stock
HDB,HDFC Bank Limited Common Stock
HEI,Heico Corporation Common Stock
HES,Hess Corporation Common Stock
HIG,Hartford Financial Services Group Inc. (The) Common Stock
HLI,Houlihan Lokey Inc. Class A Common Stock
HLN,Haleon plc American Depositary Shares (Each representing two Ordinary Shares)
HLT,Hilton Worldwide Holdings Inc. Common Stock 
HMC,Honda Motor Company Ltd. Common Stock
HPE,Hewlett Packard Enterprise Company Common Stock
HPQ,HP Inc. Common Stock
HRL,Hormel Foods Corporation Common Stock
HSBC,HSBC Holdings plc. Common Stock
HSY,The Hershey Company Common Stock
HUBB,Hubbell Inc Common Stock
HUBS,HubSpot Inc. Common Stock
HUM,Humana Inc. Common Stock
HWM,Howmet Aerospace Inc. Common Stock
IBM,International Business Machines Corporation Common Stock
IBN,ICICI Bank Limited Common Stock
ICE,Intercontinental Exchange Inc. Common Stock
IEX,IDEX Corporation Common Stock
IFF,International Flavors & Fragrances Inc. Common Stock
IHG,Intercontinental Hotels Group American Depositary Shares (Each representing one Ordinary Share)
INFY,Infosys Limited American Depositary Shares
ING,ING Group N.V. Common Stock
INVH,Invitation Homes Inc. Common Stock
IOT,Samsara Inc. Class A Common Stock
IP,International Paper Company Common Stock
IPG,Interpublic Group of Companies Inc. (The) Common Stock
IQV,IQVIA Holdings Inc. Common Stock
IR,Ingersoll Rand Inc. Common Stock
IRM,Iron Mountain Incorporated (Delaware)Common Stock REIT
IT,Gartner Inc. Common Stock
ITT,ITT Inc. Common Stock 
ITUB,Itau Unibanco Banco Holding SA American Depositary Shares (Each repstg 500 Preferred shares)
ITW,Illinois Tool Works Inc. Common Stock
IX,Orix Corp Ads Common Stock
J,Jacobs Solutions Inc. Common Stock
JBL,Jabil Inc. Common Stock
JCI,Johnson Controls International plc Ordinary Share
JEF,Jefferies Financial Group Inc. Common Stock
JHX,James Hardie Industries plc American Depositary Shares (Ireland)
JLL,Jones Lang LaSalle Incorporated Common Stock
JNJ,Johnson & Johnson Common Stock
JNPR,Juniper Networks Inc. Common Stock
JPM,JP Morgan Chase & Co. Common Stock
K,Kellanova Common Stock
KB,KB Financial Group Inc
KEY,KeyCorp Common Stock
KEYS,Keysight Technologies Inc. Common Stock
KGC,Kinross Gold Corporation Common Stock
KIM,Kimco Realty Corporation (HC) Common Stock
KKR,KKR & Co. Inc. Common Stock
KKRS,KKR Group Finance Co. IX LLC 4.625% Subordinated Notes due 2061
KMB,Kimberly-Clark Corporation Common Stock
KMI,Kinder Morgan Inc. Common Stock
KMX,CarMax Inc
KNSL,Kinsale Capital Group Inc. Common Stock
KO,Coca-Cola Company (The) Common Stock
KOF,Coca Cola Femsa S.A.B. de C.V.  American Depositary Shares each representing 10 Units (each Unit consists of 3 Series B Shares and 5 Series L Shares)
KR,Kroger Company (The) Common Stock
KVUE,Kenvue Inc. Common Stock
KVYO,Klaviyo Inc. Series A Common Stock
L,Loews Corporation Common Stock
LDOS,Leidos Holdings Inc. Common Stock
LEN,Lennar Corporation Class A Common Stock
LH,Labcorp Holdings Inc. Common Stock
LHX,L3Harris Technologies Inc. Common Stock
LII,Lennox International Inc. Common Stock
LLY,Eli Lilly and Company Common Stock
LMT,Lockheed Martin Corporation Common Stock
LNG,Cheniere Energy Inc. Common Stock
LOW,Lowe's Companies Inc. Common Stock
LUV,Southwest Airlines Company Common Stock
LVS,Las Vegas Sands Corp. Common Stock
LW,Lamb Weston Holdings Inc. Common Stock 
LYB,LyondellBasell Industries NV Ordinary Shares Class A (Netherlands)
LYG,Lloyds Banking Group Plc American Depositary Shares
LYV,Live Nation Entertainment Inc. Common Stock
MA,Mastercard Incorporated Common Stock
MAA,Mid-America Apartment Communities Inc. Common Stock
MAS,Masco Corporation Common Stock
MCD,McDonald's Corporation Common Stock
MCK,McKesson Corporation Common Stock
MCO,Moody's Corporation Common Stock
MDT,Medtronic plc. Ordinary Shares
MET,MetLife Inc. Common Stock
MFC,Manulife Financial Corporation Common Stock
MFG,Mizuho Financial Group Inc. Sponosred ADR (Japan)
MGA,Magna International Inc. Common Stock
MGM,MGM Resorts International Common Stock
MKC,McCormick & Company Incorporated Common Stock
MKL,Markel Group Inc. Common Stock
MLM,Martin Marietta Materials Inc. Common Stock
MMC,Marsh & McLennan Companies Inc. Common Stock
MMM,3M Company Common Stock
MO,Altria Group Inc.
MOH,Molina Healthcare Inc Common Stock
MPC,Marathon Petroleum Corporation Common Stock
MPLX,MPLX LP Common Units Representing Limited Partner Interests
MRK,Merck & Company Inc. Common Stock (new)
MS,Morgan Stanley Common Stock
MSCI,MSCI Inc. Common Stock
MSI,Motorola Solutions Inc. Common Stock
MT,Arcelor Mittal NY Registry Shares NEW
MTB,M&T Bank Corporation Common Stock
MTD,Mettler-Toledo International Inc. Common Stock
MTZ,MasTec Inc. Common Stock
MUFG,Mitsubishi UFJ Financial Group Inc. Common Stock
MUSA,Murphy USA Inc. Common Stock
NCLH,Norwegian Cruise Line Holdings Ltd. Ordinary Shares
NEE,NextEra Energy Inc. Common Stock
NEM,Newmont Corporation
NET,Cloudflare Inc. Class A Common Stock
NGG,National Grid Transco PLC National Grid PLC (NEW) American Depositary Shares
NI,NiSource Inc Common Stock
NKE,Nike Inc. Common Stock
NLY,Annaly Capital Management Inc. Common Stock
NMR,Nomura Holdings Inc ADR American Depositary Shares
NOC,Northrop Grumman Corporation Common Stock
NOK,Nokia Corporation Sponsored American Depositary Shares
NOW,ServiceNow Inc. Common Stock
NRG,NRG Energy Inc. Common Stock
NSC,Norfolk Southern Corporation Common Stock
NTR,Nutrien Ltd. Common Shares
NU,Nu Holdings Ltd. Class A Ordinary Shares
NUE,Nucor Corporation Common Stock
NVO,Novo Nordisk A/S Common Stock
NVR,NVR Inc. Common Stock
NVS,Novartis AG Common Stock
NVT,nVent Electric plc Ordinary Shares 
NWG,NatWest Group plc American Depositary Shares (each representing two (2) Ordinary Shares)
O,Realty Income Corporation Common Stock
OC,Owens Corning Inc Common Stock New
OHI,Omega Healthcare Investors Inc. Common Stock
OKE,ONEOK Inc. Common Stock
OMC,Omnicom Group Inc. Common Stock
ONON,On Holding AG Class A Ordinary Shares
ORCL,Oracle Corporation Common Stock
OTIS,Otis Worldwide Corporation Common Stock 
OWL,Blue Owl Capital Inc. Class A Common Stock
OXY,Occidental Petroleum Corporation Common Stock
PAG,Penske Automotive Group Inc. Common Stock
PAYC,Paycom Software Inc. Common Stock
PBA,Pembina Pipeline Corp. Ordinary Shares (Canada)
PBR,Petroleo Brasileiro S.A.- Petrobras Common Stock
PCG,Pacific Gas & Electric Co. Common Stock
PCOR,Procore Technologies Inc. Common Stock
PEG,Public Service Enterprise Group Incorporated Common Stock
PFE,Pfizer Inc. Common Stock
PFGC,Performance Food Group Company Common Stock
PG,Procter & Gamble Company (The) Common Stock
PGR,Progressive Corporation (The) Common Stock
PH,Parker-Hannifin Corporation Common Stock
PHG,Koninklijke Philips N.V. NY Registry Shares
PHM,PulteGroup Inc. Common Stock
PINS,Pinterest Inc. Class A Common Stock
PKG,Packaging Corporation of America Common Stock
PKX,POSCO HOLDINGS INC. American Depositary Shares (Each representing 1/4th of a share of Common Stock)
PLD,Prologis Inc. Common Stock
PM,Philip Morris International Inc Common Stock
PNC,PNC Financial Services Group Inc. (The) Common Stock
PNR,Pentair plc. Ordinary Share
PPG,PPG Industries Inc. Common Stock
PPL,PPL Corporation Common Stock
PR,Permian Resources Corporation Class A Common Stock
PRU,Prudential Financial Inc. Common Stock
PSA,Public Storage Common Stock
PSN,Parsons Corporation Common Stock
PSO,Pearson Plc Common Stock
PSTG,Pure Storage Inc. Class A Common Stock
PSX,Phillips 66 Common Stock
PUK,Prudential Public Limited Company Common Stock
PWR,Quanta Services Inc. Common Stock
QGEN,Qiagen N.V. Common Shares
QSR,Restaurant Brands International Inc. Common Shares
RACE,Ferrari N.V. Common Shares
RBA,RB Global Inc. Common Stock
RBLX,Roblox Corporation Class A Common Stock
RBRK,Rubrik Inc. Class A Common Stock
RCI,Rogers Communication Inc. Common Stock
RCL,Royal Caribbean Cruises Ltd. Common Stock
RDDT,Reddit Inc. Class A Common Stock
RDY,Dr. Reddy's Laboratories Ltd Common Stock
RELX,RELX PLC PLC American Depositary Shares (Each representing One Ordinary Share)
RF,Regions Financial Corporation Common Stock
RGA,Reinsurance Group of America Incorporated Common Stock
RIO,Rio Tinto Plc Common Stock
RJF,Raymond James Financial Inc. Common Stock
RKT,Rocket Companies Inc. Class A Common Stock
RL,Ralph Lauren Corporation Common Stock
RMD,ResMed Inc. Common Stock
RNR,RenaissanceRe Holdings Ltd. Common Stock
ROK,Rockwell Automation Inc. Common Stock
ROL,Rollins Inc. Common Stock
RPM,RPM International Inc. Common Stock
RRX,Regal Rexnord Corporation Common Stock
RS,Reliance Inc. Common Stock
RSG,Republic Services Inc. Common Stock
RTO,Rentokil Initial plc American Depositary Shares (each representing five (5) Ordinary Shares)
RTX,RTX Corporation Common Stock
RVTY,Revvity Inc. Common Stock
RY,Royal Bank Of Canada Common Stock
RYAN,Ryan Specialty Holdings Inc. Class A Common Stock
SAN,Banco Santander S.A. Sponsored ADR (Spain)
SAP,SAP  SE ADS
SCCO,Southern Copper Corporation Common Stock
SCHW,Charles Schwab Corporation (The) Common Stock
SCI,Service Corporation International Common Stock
SE,Sea Limited American Depositary Shares each representing one Class A Ordinary Share
SF,Stifel Financial Corporation Common Stock
SHEL,Shell PLC American Depositary Shares (each representing two (2) Ordinary Shares) 
SHG,Shinhan Financial Group Co Ltd American Depositary Shares
SHOP,Shopify Inc. Class A Subordinate Voting Shares
SHW,Sherwin-Williams Company (The) Common Stock
SJM,The J.M. Smucker Company Common Stock
SLB,Schlumberger N.V. Common Stock
SLF,Sun Life Financial Inc. Common Stock
SMFG,Sumitomo Mitsui Financial Group Inc Unsponsored American Depositary Shares (Japan)
SN,SharkNinja Inc. Ordinary Shares
SNA,Snap-On Incorporated Common Stock
SNAP,Snap Inc. Class A Common Stock
SNN,Smith & Nephew SNATS Inc. Common Stock
SNOW,Snowflake Inc. Class A Common Stock
SO,Southern Company (The) Common Stock
SOJC,Southern Company (The) Series 2017B 5.25% Junior Subordinated Notes due December 1 2077
SOJD,Southern Company (The) Series 2020A 4.95% Junior Subordinated Notes due January 30 2080
SOJE,Southern Company (The) Series 2020C 4.20% Junior Subordinated Notes due October 15 2060
SOLV,Solventum Corporation Common Stock
SONY,Sony Group Corporation American Depositary Shares 
SPG,Simon Property Group Inc. Common Stock
SPGI,S&P Global Inc. Common Stock
SPOT,Spotify Technology S.A. Ordinary Shares
SQ,Block Inc. Class A Common Stock
SQM,Sociedad Quimica y Minera S.A. Common Stock
SRE,DBA Sempra Common Stock
SREA,DBA Sempra 5.750% Junior Subordinated Notes due 2079
STE,STERIS plc (Ireland) Ordinary Shares
STLA,Stellantis N.V. Common Shares
STM,STMicroelectronics N.V. Common Stock
STT,State Street Corporation Common Stock
STZ,Constellation Brands Inc. Common Stock
SU,Suncor Energy  Inc. Common Stock
SUI,Sun Communities Inc. Common Stock
SUZ,Suzano S.A. American Depositary Shares (each representing One Ordinary Share)
SW,Smurfit WestRock plc Ordinary Shares
SWK,Stanley Black & Decker Inc. Common Stock
SYF,Synchrony Financial Common Stock
SYK,Stryker Corporation Common Stock
SYY,Sysco Corporation Common Stock
T,AT&T Inc.
TAK,Takeda Pharmaceutical Company Limited American Depositary Shares (each representing 1/2 of a share of Common Stock)
TAP,Molson Coors Beverage Company Class B Common Stock
TBB,AT&T Inc. 5.350% Global Notes due 2066
TD,Toronto Dominion Bank (The) Common Stock
TDG,Transdigm Group Incorporated Common Stock
TDY,Teledyne Technologies Incorporated Common Stock
TECK,Teck Resources Ltd Ordinary Shares
TEF,Telefonica SA Common Stock
TEL,TE Connectivity plc Ordinary Shares
TEVA,Teva Pharmaceutical Industries Limited American Depositary Shares
TFC,Truist Financial Corporation Common Stock
TFII,TFI International Inc. Common Shares
TGT,Target Corporation Common Stock
THC,Tenet Healthcare Corporation Common Stock
TJX,TJX Companies Inc. (The) Common Stock
TKO,TKO Group Holdings Inc. Class A Common Stock
TLK,PT Telekomunikasi Indonesia Tbk
TM,Toyota Motor Corporation Common Stock
TME,Tencent Music Entertainment Group American Depositary Shares each representing two Class A Ordinary Shares
TMO,Thermo Fisher Scientific Inc Common Stock
TOL,Toll Brothers Inc. Common Stock
TOST,Toast Inc. Class A Common Stock
TPL,Texas Pacific Land Corporation Common Stock
TPR,Tapestry Inc. Common Stock
TRGP,Targa Resources Inc. Common Stock
TRI,Thomson Reuters Corp Common Shares
TRP,TC Energy Corporation Common Stock
TRU,TransUnion Common Stock
TRV,The Travelers Companies Inc. Common Stock
TS,Tenaris S.A. American Depositary Shares
TSM,Taiwan Semiconductor Manufacturing Company Ltd.
TSN,Tyson Foods Inc. Common Stock
TT,Trane Technologies plc
TTE,TotalEnergies SE
TU,Telus Corporation Ordinary Shares
TVE,Tennessee Valley Authority
TWLO,Twilio Inc. Class A Common Stock
TXT,Textron Inc. Common Stock
TYL,Tyler Technologies Inc. Common Stock
UBER,Uber Technologies Inc. Common Stock
UBS,UBS Group AG Registered Ordinary Shares
UDR,UDR Inc. Common Stock
UHAL,U-Haul Holding Company Common Stock
UHS,Universal Health Services Inc. Common Stock
UI,Ubiquiti Inc. Common Stock
UL,Unilever PLC Common Stock
UMC,United Microelectronics Corporation (NEW) Common Stock
UNH,UnitedHealth Group Incorporated Common Stock (DE)
UNM,Unum Group Common Stock
UNP,Union Pacific Corporation Common Stock
UPS,United Parcel Service Inc. Common Stock
URI,United Rentals Inc. Common Stock
USB,U.S. Bancorp Common Stock
USFD,US Foods Holding Corp. Common Stock
V,Visa Inc.
VALE,VALE S.A.  American Depositary Shares Each Representing one common share
VEEV,Veeva Systems Inc. Class A Common Stock
VICI,VICI Properties Inc. Common Stock
VIK,Viking Holdings Ltd Ordinary Shares
VIV,Telefonica Brasil S.A. American Depositary Shares (Each representing One Common Share)
VLO,Valero Energy Corporation Common Stock
VLTO,Veralto Corp Common Stock 
VMC,Vulcan Materials Company (Holding Company) Common Stock
VRT,Vertiv Holdings LLC Class A Common Stock
VST,Vistra Corp. Common Stock
VTR,Ventas Inc. Common Stock
WAB,Westinghouse Air Brake Technologies Corporation Common Stock
WAT,Waters Corporation Common Stock
WCN,Waste Connections Inc. Common Shares
WDS,Woodside Energy Group Limited American Depositary Shares each representing one Ordinary Share
WEC,WEC Energy Group Inc. Common Stock
WELL,Welltower Inc. Common Stock
WES,Western Midstream Partners LP Common Units Representing Limited Partner Interests
WFC,Wells Fargo & Company Common Stock
WIT,Wipro Limited Common Stock
WLK,Westlake Corporation Common Stock
WM,Waste Management Inc. Common Stock
WMB,Williams Companies Inc. (The) Common Stock
WMT,Walmart Inc. Common Stock
WPC,W. P. Carey Inc. REIT
WPM,Wheaton Precious Metals Corp Common Shares (Canada)
WPP,WPP plc American Depositary Shares
WRB,W.R. Berkley Corporation Common Stock
WSM,Williams-Sonoma Inc. Common Stock (DE)
WSO,Watsco Inc. Common Stock
WST,West Pharmaceutical Services Inc. Common Stock
WY,Weyerhaeuser Company Common Stock
XOM,Exxon Mobil Corporation Common Stock
XPEV,XPeng Inc. American depositary shares each representing two Class A ordinary shares
XPO,XPO Inc. Common Stock
XYL,Xylem Inc. Common Stock New
YMM,Full Truck Alliance Co. Ltd. American Depositary Shares (each representing 20 Class A Ordinary Shares)
YPF,YPF Sociedad Anonima Common Stock
YUM,Yum! Brands Inc.
YUMC,Yum China Holdings Inc. Common Stock
ZBH,Zimmer Biomet Holdings Inc. Common Stock
ZTO,ZTO Express (Cayman) Inc. American Depositary Shares each representing one Class A ordinary share.
ZTS,Zoetis Inc. Class A Common Stock
